{
  "annotations": {
    "list": [
      {
        "builtIn": 1,
        "datasource": "-- Grafana --",
        "enable": true,
        "hide": true,
        "iconColor": "rgba(0, 211, 255, 1)",
        "name": "Annotations & Alerts",
        "type": "dashboard"
      }
    ]
  },
  "description": "End-to-End Topology Visualization: Infinibox Volume \u2192 FC Zone \u2192 ESXi HBA \u2192 Datastore \u2192 VM",
  "editable": true,
  "fiscalYearStartMonth": 0,
  "graphTooltip": 1,
  "id": null,
  "links": [
    {
      "asDropdown": false,
      "icon": "external link",
      "includeVars": true,
      "keepTime": true,
      "tags": [],
      "targetBlank": true,
      "title": "Infinibox Dashboard",
      "tooltip": "",
      "type": "link",
      "url": "/d/infinibox-storage"
    },
    {
      "asDropdown": false,
      "icon": "external link",
      "includeVars": true,
      "keepTime": true,
      "tags": [],
      "targetBlank": true,
      "title": "VMware Dashboard",
      "tooltip": "",
      "type": "link",
      "url": "/d/vmware-compute"
    }
  ],
  "liveNow": false,
  "panels": [
    {
      "datasource": "Prometheus",
      "gridPos": {
        "h": 3,
        "w": 24,
        "x": 0,
        "y": 0
      },
      "id": 1,
      "options": {
        "content": "# End-to-End Topology Visualization\n## Complete Path: Infinibox Volume \u2192 FC Zone \u2192 ESXi HBA \u2192 Datastore \u2192 VM\n\n**Real-time topology correlation** | **Path health monitoring** | **Performance metrics across the entire stack**",
        "mode": "markdown"
      },
      "pluginVersion": "10.2.2",
      "title": "Dashboard Header",
      "type": "text"
    },
    {
      "datasource": "Prometheus",
      "fieldConfig": {
        "defaults": {
          "color": {
            "mode": "thresholds"
          },
          "mappings": [],
          "thresholds": {
            "mode": "absolute",
            "steps": [
              {
                "color": "green",
                "value": null
              }
            ]
          },
          "unit": "short"
        },
        "overrides": []
      },
      "gridPos": {
        "h": 4,
        "w": 6,
        "x": 0,
        "y": 3
      },
      "id": 2,
      "options": {
        "colorMode": "value",
        "graphMode": "area",
        "justifyMode": "auto",
        "orientation": "auto",
        "reduceOptions": {
          "calcs": [
            "lastNotNull"
          ],
          "fields": "",
          "values": false
        },
        "textMode": "auto"
      },
      "pluginVersion": "10.2.2",
      "targets": [
        {
          "expr": "topology_paths_total",
          "refId": "A"
        }
      ],
      "title": "Total Paths Discovered",
      "type": "stat"
    },
    {
      "datasource": "Prometheus",
      "fieldConfig": {
        "defaults": {
          "color": {
            "mode": "thresholds"
          },
          "mappings": [],
          "thresholds": {
            "mode": "absolute",
            "steps": [
              {
                "color": "green",
                "value": null
              }
            ]
          },
          "unit": "short"
        },
        "overrides": []
      },
      "gridPos": {
        "h": 4,
        "w": 6,
        "x": 6,
        "y": 3
      },
      "id": 3,
      "options": {
        "colorMode": "value",
        "graphMode": "area",
        "justifyMode": "auto",
        "orientation": "auto",
        "reduceOptions": {
          "calcs": [
            "lastNotNull"
          ],
          "fields": "",
          "values": false
        },
        "textMode": "auto"
      },
      "pluginVersion": "10.2.2",
      "targets": [
        {
          "expr": "topology_volumes_total",
          "refId": "A"
        }
      ],
      "title": "Mapped Volumes",
      "type": "stat"
    },
    {
      "datasource": "Prometheus",
      "fieldConfig": {
        "defaults": {
          "color": {
            "mode": "thresholds"
          },
          "mappings": [],
          "thresholds": {
            "mode": "absolute",
            "steps": [
              {
                "color": "green",
                "value": null
              }
            ]
          },
          "unit": "short"
        },
        "overrides": []
      },
      "gridPos": {
        "h": 4,
        "w": 6,
        "x": 12,
        "y": 3
      },
      "id": 4,
      "options": {
        "colorMode": "value",
        "graphMode": "area",
        "justifyMode": "auto",
        "orientation": "auto",
        "reduceOptions": {
          "calcs": [
            "lastNotNull"
          ],
          "fields": "",
          "values": false
        },
        "textMode": "auto"
      },
      "pluginVersion": "10.2.2",
      "targets": [
        {
          "expr": "topology_datastores_total",
          "refId": "A"
        }
      ],
      "title": "Datastores",
      "type": "stat"
    },
    {
      "datasource": "Prometheus",
      "fieldConfig": {
        "defaults": {
          "color": {
            "mode": "thresholds"
          },
          "mappings": [],
          "thresholds": {
            "mode": "absolute",
            "steps": [
              {
                "color": "green",
                "value": null
              }
            ]
          },
          "unit": "short"
        },
        "overrides": []
      },
      "gridPos": {
        "h": 4,
        "w": 6,
        "x": 18,
        "y": 3
      },
      "id": 5,
      "options": {
        "colorMode": "value",
        "graphMode": "area",
        "justifyMode": "auto",
        "orientation": "auto",
        "reduceOptions": {
          "calcs": [
            "lastNotNull"
          ],
          "fields": "",
          "values": false
        },
        "textMode": "auto"
      },
      "pluginVersion": "10.2.2",
      "targets": [
        {
          "expr": "topology_vms_total",
          "refId": "A"
        }
      ],
      "title": "Virtual Machines",
      "type": "stat"
    },
    {
      "datasource": "PostgreSQL",
      "gridPos": {
        "h": 12,
        "w": 24,
        "x": 0,
        "y": 7
      },
      "id": 6,
      "options": {
        "showHeader": true,
        "sortBy": []
      },
      "pluginVersion": "10.2.2",
      "targets": [
        {
          "format": "table",
          "group": [],
          "metricColumn": "none",
          "rawQuery": true,
          "rawSql": "SELECT \n  v.volume_name AS \"Volume\",\n  v.pool_name AS \"Pool\",\n  ROUND(v.size_bytes / 1024.0 / 1024.0 / 1024.0, 2) AS \"Size (GB)\",\n  hm.host_name AS \"Mapped Host\",\n  hm.lun_id AS \"LUN\",\n  ds.datastore_name AS \"Datastore\",\n  vm.vm_name AS \"VM\",\n  vm.power_state AS \"VM State\",\n  CASE \n    WHEN v.last_seen > NOW() - INTERVAL '5 minutes' THEN '\ud83d\udfe2 Online'\n    ELSE '\ud83d\udd34 Stale'\n  END AS \"Status\"\nFROM volumes v\nLEFT JOIN host_mappings hm ON v.volume_id = hm.volume_id\nLEFT JOIN esxi_hosts eh ON LOWER(eh.host_name) = LOWER(hm.host_name)\nLEFT JOIN vms vm ON eh.host_id = vm.host_id\nLEFT JOIN datastores ds ON vm.datastore_id = ds.datastore_id\nWHERE v.last_seen > NOW() - INTERVAL '1 hour'\nORDER BY v.volume_name;",
          "refId": "A",
          "select": [
            [
              {
                "params": [
                  "value"
                ],
                "type": "column"
              }
            ]
          ],
          "timeColumn": "time",
          "where": [
            {
              "name": "$__timeFilter",
              "params": [],
              "type": "macro"
            }
          ]
        }
      ],
      "title": "Complete Topology Paths",
      "transformations": [],
      "type": "table"
    },
    {
      "datasource": "PostgreSQL",
      "description": "Visual representation of end-to-end path for selected volume",
      "gridPos": {
        "h": 10,
        "w": 12,
        "x": 0,
        "y": 19
      },
      "id": 7,
      "options": {
        "code": {
          "language": "plaintext",
          "showLineNumbers": false,
          "showMiniMap": false
        },
        "content": "## Path Visualization\n\nSelect a volume from the dropdown to see its complete end-to-end path.\n\n```\nInfinibox Volume\n    \u2193 (mapped to)\nHost/Initiator WWPN\n    \u2193 (in zone)\nFC Zone\n    \u2193 (contains)\nESXi HBA WWPN\n    \u2193 (presents)\nDatastore\n    \u2193 (contains)\nVirtual Machine\n```",
        "mode": "markdown"
      },
      "pluginVersion": "10.2.2",
      "targets": [
        {
          "datasource": "PostgreSQL",
          "format": "table",
          "group": [],
          "metricColumn": "none",
          "rawQuery": true,
          "rawSql": "SELECT \n  v.volume_name || ' (' || v.pool_name || ')' AS layer1_volume,\n  '\u2193 Mapped to \u2193' AS arrow1,\n  hm.host_name || ' (LUN: ' || hm.lun_id || ')' AS layer2_host,\n  '\u2193 Via FC Zone \u2193' AS arrow2,\n  COALESCE(fz.zone_name, 'No zone info') AS layer3_zone,\n  '\u2193 Connected to \u2193' AS arrow3,\n  COALESCE(eh.host_name, 'Unknown ESXi') AS layer4_esxi,\n  '\u2193 Presents \u2193' AS arrow4,\n  COALESCE(ds.datastore_name, 'Unknown datastore') AS layer5_datastore,\n  '\u2193 Contains \u2193' AS arrow5,\n  COALESCE(vm.vm_name, 'No VMs') AS layer6_vm\nFROM volumes v\nLEFT JOIN host_mappings hm ON v.volume_id = hm.volume_id\nLEFT JOIN host_initiators hi ON hm.host_id = hi.host_id AND hi.initiator_type = 'fc'\nLEFT JOIN fc_zone_members fzm ON hi.initiator_address = fzm.member_wwpn\nLEFT JOIN fc_zones fz ON fzm.zone_name = fz.zone_name\nLEFT JOIN fc_zone_members fzm2 ON fz.zone_name = fzm2.zone_name AND fzm2.member_wwpn != hi.initiator_address\nLEFT JOIN esxi_hbas ehba ON fzm2.member_wwpn = ehba.hba_wwpn\nLEFT JOIN esxi_hosts eh ON ehba.host_id = eh.host_id\nLEFT JOIN vms vm ON eh.host_id = vm.host_id\nLEFT JOIN datastores ds ON vm.datastore_id = ds.datastore_id\nWHERE v.volume_name = '$volume_name'\nLIMIT 10;",
          "refId": "A",
          "select": [
            [
              {
                "params": [
                  "value"
                ],
                "type": "column"
              }
            ]
          ],
          "timeColumn": "time",
          "where": [
            {
              "name": "$__timeFilter",
              "params": [],
              "type": "macro"
            }
          ]
        }
      ],
      "title": "Path Details: $volume_name",
      "type": "table"
    },
    {
      "datasource": "Prometheus",
      "description": "Performance metrics across the complete path",
      "fieldConfig": {
        "defaults": {
          "color": {
            "mode": "palette-classic"
          },
          "custom": {
            "axisCenteredZero": false,
            "axisColorMode": "text",
            "axisLabel": "",
            "axisPlacement": "auto",
            "barAlignment": 0,
            "drawStyle": "line",
            "fillOpacity": 10,
            "gradientMode": "none",
            "hideFrom": {
              "tooltip": false,
              "viz": false,
              "legend": false
            },
            "lineInterpolation": "smooth",
            "lineWidth": 2,
            "pointSize": 5,
            "scaleDistribution": {
              "type": "linear"
            },
            "showPoints": "never",
            "spanNulls": false,
            "stacking": {
              "group": "A",
              "mode": "none"
            },
            "thresholdsStyle": {
              "mode": "off"
            }
          },
          "mappings": [],
          "thresholds": {
            "mode": "absolute",
            "steps": [
              {
                "color": "green",
                "value": null
              },
              {
                "color": "red",
                "value": 80
              }
            ]
          },
          "unit": "iops"
        },
        "overrides": []
      },
      "gridPos": {
        "h": 10,
        "w": 12,
        "x": 12,
        "y": 19
      },
      "id": 8,
      "options": {
        "legend": {
          "calcs": [
            "mean",
            "max"
          ],
          "displayMode": "table",
          "placement": "bottom",
          "showLegend": true
        },
        "tooltip": {
          "mode": "multi",
          "sort": "none"
        }
      },
      "pluginVersion": "10.2.2",
      "targets": [
        {
          "expr": "infinibox_volume_iops_read{volume_name=\"$volume_name\"}",
          "legendFormat": "Volume Read IOPS",
          "refId": "A"
        },
        {
          "expr": "infinibox_volume_iops_write{volume_name=\"$volume_name\"}",
          "legendFormat": "Volume Write IOPS",
          "refId": "B"
        }
      ],
      "title": "Volume Performance: $volume_name",
      "type": "timeseries"
    },
    {
      "datasource": "PostgreSQL",
      "description": "FC Zone configuration and membership",
      "gridPos": {
        "h": 8,
        "w": 12,
        "x": 0,
        "y": 29
      },
      "id": 9,
      "options": {
        "showHeader": true
      },
      "pluginVersion": "10.2.2",
      "targets": [
        {
          "datasource": "PostgreSQL",
          "format": "table",
          "group": [],
          "metricColumn": "none",
          "rawQuery": true,
          "rawSql": "SELECT \n  fz.zone_name AS \"Zone Name\",\n  fz.switch_name AS \"Switch\",\n  fz.zoneset_name AS \"Zoneset\",\n  COUNT(fzm.member_wwpn) AS \"Members\",\n  STRING_AGG(fzm.member_wwpn, ', ') AS \"Member WWPNs\"\nFROM fc_zones fz\nLEFT JOIN fc_zone_members fzm ON fz.zone_name = fzm.zone_name AND fz.switch_name = fzm.switch_name\nWHERE fz.last_seen > NOW() - INTERVAL '1 hour'\nGROUP BY fz.zone_name, fz.switch_name, fz.zoneset_name\nORDER BY fz.zone_name;",
          "refId": "A",
          "select": [
            [
              {
                "params": [
                  "value"
                ],
                "type": "column"
              }
            ]
          ],
          "timeColumn": "time",
          "where": [
            {
              "name": "$__timeFilter",
              "params": [],
              "type": "macro"
            }
          ]
        }
      ],
      "title": "FC Zone Configuration",
      "type": "table"
    },
    {
      "datasource": "Prometheus",
      "description": "FC port status across Brocade switches",
      "fieldConfig": {
        "defaults": {
          "color": {
            "mode": "thresholds"
          },
          "mappings": [
            {
              "options": {
                "0": {
                  "color": "red",
                  "index": 1,
                  "text": "Down"
                },
                "1": {
                  "color": "green",
                  "index": 0,
                  "text": "Up"
                }
              },
              "type": "value"
            }
          ],
          "thresholds": {
            "mode": "absolute",
            "steps": [
              {
                "color": "green",
                "value": null
              }
            ]
          },
          "unit": "short"
        },
        "overrides": []
      },
      "gridPos": {
        "h": 8,
        "w": 12,
        "x": 12,
        "y": 29
      },
      "id": 10,
      "options": {
        "displayMode": "lcd",
        "minVizHeight": 10,
        "minVizWidth": 0,
        "orientation": "horizontal",
        "reduceOptions": {
          "calcs": [
            "lastNotNull"
          ],
          "fields": "",
          "values": false
        },
        "showUnfilled": true
      },
      "pluginVersion": "10.2.2",
      "targets": [
        {
          "expr": "brocade_port_status",
          "legendFormat": "{{switch_name}} Port {{port_index}}",
          "refId": "A"
        }
      ],
      "title": "FC Port Status",
      "type": "bargauge"
    },
    {
      "datasource": "PostgreSQL",
      "description": "Host initiators and their WWPNs/IQNs",
      "gridPos": {
        "h": 8,
        "w": 12,
        "x": 0,
        "y": 37
      },
      "id": 11,
      "options": {
        "showHeader": true
      },
      "pluginVersion": "10.2.2",
      "targets": [
        {
          "datasource": "PostgreSQL",
          "format": "table",
          "group": [],
          "metricColumn": "none",
          "rawQuery": true,
          "rawSql": "SELECT \n  h.host_name AS \"Host Name\",\n  h.host_type AS \"Host Type\",\n  hi.initiator_type AS \"Protocol\",\n  hi.initiator_address AS \"WWPN/IQN\",\n  hi.state AS \"State\",\n  COUNT(DISTINCT hm.volume_id) AS \"Mapped Volumes\"\nFROM hosts h\nJOIN host_initiators hi ON h.host_id = hi.host_id\nLEFT JOIN host_mappings hm ON h.host_id = hm.host_id\nWHERE h.last_seen > NOW() - INTERVAL '1 hour'\nGROUP BY h.host_name, h.host_type, hi.initiator_type, hi.initiator_address, hi.state\nORDER BY h.host_name, hi.initiator_type;",
          "refId": "A",
          "select": [
            [
              {
                "params": [
                  "value"
                ],
                "type": "column"
              }
            ]
          ],
          "timeColumn": "time",
          "where": [
            {
              "name": "$__timeFilter",
              "params": [],
              "type": "macro"
            }
          ]
        }
      ],
      "title": "Host Initiators (WWPNs/IQNs)",
      "type": "table"
    },
    {
      "datasource": "PostgreSQL",
      "description": "ESXi HBAs and their connections",
      "gridPos": {
        "h": 8,
        "w": 12,
        "x": 12,
        "y": 37
      },
      "id": 12,
      "options": {
        "showHeader": true
      },
      "pluginVersion": "10.2.2",
      "targets": [
        {
          "datasource": "PostgreSQL",
          "format": "table",
          "group": [],
          "metricColumn": "none",
          "rawQuery": true,
          "rawSql": "SELECT \n  eh.host_name AS \"ESXi Host\",\n  eh.cluster_name AS \"Cluster\",\n  ehba.hba_device AS \"HBA Device\",\n  ehba.hba_wwpn AS \"HBA WWPN\",\n  ehba.hba_type AS \"Type\",\n  ehba.status AS \"Status\",\n  ehba.driver AS \"Driver\"\nFROM esxi_hosts eh\nJOIN esxi_hbas ehba ON eh.host_id = ehba.host_id\nWHERE eh.last_seen > NOW() - INTERVAL '1 hour'\nORDER BY eh.host_name, ehba.hba_device;",
          "refId": "A",
          "select": [
            [
              {
                "params": [
                  "value"
                ],
                "type": "column"
              }
            ]
          ],
          "timeColumn": "time",
          "where": [
            {
              "name": "$__timeFilter",
              "params": [],
              "type": "macro"
            }
          ]
        }
      ],
      "title": "ESXi HBAs",
      "type": "table"
    },
    {
      "datasource": "Prometheus",
      "description": "Latency across the complete path",
      "fieldConfig": {
        "defaults": {
          "color": {
            "mode": "palette-classic"
          },
          "custom": {
            "axisCenteredZero": false,
            "axisColorMode": "text",
            "axisLabel": "",
            "axisPlacement": "auto",
            "barAlignment": 0,
            "drawStyle": "line",
            "fillOpacity": 10,
            "gradientMode": "none",
            "hideFrom": {
              "tooltip": false,
              "viz": false,
              "legend": false
            },
            "lineInterpolation": "smooth",
            "lineWidth": 2,
            "pointSize": 5,
            "scaleDistribution": {
              "type": "linear"
            },
            "showPoints": "never",
            "spanNulls": false,
            "stacking": {
              "group": "A",
              "mode": "none"
            },
            "thresholdsStyle": {
              "mode": "off"
            }
          },
          "mappings": [],
          "thresholds": {
            "mode": "absolute",
            "steps": [
              {
                "color": "green",
                "value": null
              },
              {
                "color": "yellow",
                "value": 5
              },
              {
                "color": "red",
                "value": 10
              }
            ]
          },
          "unit": "ms"
        },
        "overrides": []
      },
      "gridPos": {
        "h": 8,
        "w": 24,
        "x": 0,
        "y": 45
      },
      "id": 13,
      "options": {
        "legend": {
          "calcs": [
            "mean",
            "max"
          ],
          "displayMode": "table",
          "placement": "right",
          "showLegend": true
        },
        "tooltip": {
          "mode": "multi",
          "sort": "none"
        }
      },
      "pluginVersion": "10.2.2",
      "targets": [
        {
          "expr": "infinibox_volume_latency_read{volume_name=\"$volume_name\"}",
          "legendFormat": "Storage Read Latency",
          "refId": "A"
        },
        {
          "expr": "infinibox_volume_latency_write{volume_name=\"$volume_name\"}",
          "legendFormat": "Storage Write Latency",
          "refId": "B"
        }
      ],
      "title": "End-to-End Latency Analysis",
      "type": "timeseries"
    },
    {
      "datasource": "Prometheus",
      "description": "Last successful topology correlation update",
      "fieldConfig": {
        "defaults": {
          "color": {
            "mode": "thresholds"
          },
          "mappings": [],
          "thresholds": {
            "mode": "absolute",
            "steps": [
              {
                "color": "green",
                "value": null
              },
              {
                "color": "yellow",
                "value": 300
              },
              {
                "color": "red",
                "value": 600
              }
            ]
          },
          "unit": "s"
        },
        "overrides": []
      },
      "gridPos": {
        "h": 4,
        "w": 12,
        "x": 0,
        "y": 53
      },
      "id": 14,
      "options": {
        "colorMode": "background",
        "graphMode": "none",
        "justifyMode": "auto",
        "orientation": "auto",
        "reduceOptions": {
          "calcs": [
            "lastNotNull"
          ],
          "fields": "",
          "values": false
        },
        "textMode": "auto"
      },
      "pluginVersion": "10.2.2",
      "targets": [
        {
          "expr": "time() - topology_last_update_timestamp",
          "refId": "A"
        }
      ],
      "title": "Last Correlation Update (seconds ago)",
      "type": "stat"
    },
    {
      "datasource": "Prometheus",
      "description": "Topology correlation duration",
      "fieldConfig": {
        "defaults": {
          "color": {
            "mode": "palette-classic"
          },
          "custom": {
            "axisCenteredZero": false,
            "axisColorMode": "text",
            "axisLabel": "",
            "axisPlacement": "auto",
            "barAlignment": 0,
            "drawStyle": "line",
            "fillOpacity": 10,
            "gradientMode": "none",
            "hideFrom": {
              "tooltip": false,
              "viz": false,
              "legend": false
            },
            "lineInterpolation": "linear",
            "lineWidth": 1,
            "pointSize": 5,
            "scaleDistribution": {
              "type": "linear"
            },
            "showPoints": "never",
            "spanNulls": false,
            "stacking": {
              "group": "A",
              "mode": "none"
            },
            "thresholdsStyle": {
              "mode": "off"
            }
          },
          "mappings": [],
          "thresholds": {
            "mode": "absolute",
            "steps": [
              {
                "color": "green",
                "value": null
              }
            ]
          },
          "unit": "s"
        },
        "overrides": []
      },
      "gridPos": {
        "h": 4,
        "w": 12,
        "x": 12,
        "y": 53
      },
      "id": 15,
      "options": {
        "legend": {
          "calcs": [],
          "displayMode": "list",
          "placement": "bottom",
          "showLegend": false
        },
        "tooltip": {
          "mode": "single",
          "sort": "none"
        }
      },
      "pluginVersion": "10.2.2",
      "targets": [
        {
          "expr": "rate(topology_correlation_duration_seconds_sum[5m]) / rate(topology_correlation_duration_seconds_count[5m])",
          "legendFormat": "Correlation Duration",
          "refId": "A"
        }
      ],
      "title": "Correlation Performance",
      "type": "timeseries"
    }
  ],
  "refresh": "30s",
  "schemaVersion": 38,
  "style": "dark",
  "tags": [
    "topology",
    "infinidat",
    "vmware",
    "fc-san",
    "Organization"
  ],
  "templating": {
    "list": [
      {
        "current": {
          "selected": false,
          "text": "",
          "value": ""
        },
        "datasource": "PostgreSQL",
        "definition": "SELECT DISTINCT volume_name FROM volumes WHERE last_seen > NOW() - INTERVAL '1 hour' ORDER BY volume_name",
        "hide": 0,
        "includeAll": false,
        "label": "Volume",
        "multi": false,
        "name": "volume_name",
        "options": [],
        "query": "SELECT DISTINCT volume_name FROM volumes WHERE last_seen > NOW() - INTERVAL '1 hour' ORDER BY volume_name",
        "refresh": 1,
        "regex": "",
        "skipUrlSync": false,
        "sort": 0,
        "type": "query"
      },
      {
        "current": {
          "selected": false,
          "text": "",
          "value": ""
        },
        "datasource": "PostgreSQL",
        "definition": "SELECT DISTINCT vm_name FROM vms WHERE last_seen > NOW() - INTERVAL '1 hour' ORDER BY vm_name",
        "hide": 0,
        "includeAll": false,
        "label": "VM",
        "multi": false,
        "name": "vm_name",
        "options": [],
        "query": "SELECT DISTINCT vm_name FROM vms WHERE last_seen > NOW() - INTERVAL '1 hour' ORDER BY vm_name",
        "refresh": 1,
        "regex": "",
        "skipUrlSync": false,
        "sort": 0,
        "type": "query"
      },
      {
        "current": {
          "selected": false,
          "text": "",
          "value": ""
        },
        "datasource": "PostgreSQL",
        "definition": "SELECT DISTINCT datastore_name FROM datastores WHERE last_seen > NOW() - INTERVAL '1 hour' ORDER BY datastore_name",
        "hide": 0,
        "includeAll": false,
        "label": "Datastore",
        "multi": false,
        "name": "datastore_name",
        "options": [],
        "query": "SELECT DISTINCT datastore_name FROM datastores WHERE last_seen > NOW() - INTERVAL '1 hour' ORDER BY datastore_name",
        "refresh": 1,
        "regex": "",
        "skipUrlSync": false,
        "sort": 0,
        "type": "query"
      }
    ]
  },
  "time": {
    "from": "now-6h",
    "to": "now"
  },
  "timepicker": {
    "refresh_intervals": [
      "10s",
      "30s",
      "1m",
      "5m",
      "15m",
      "30m",
      "1h"
    ]
  },
  "timezone": "browser",
  "title": "End-to-End Topology Visualization",
  "uid": "topology-endtoend",
  "version": 1,
  "weekStart": ""
}